{
    "Alumni Center": {
        "Midpoints_Lat": 28.0700006270256,
        "Midpoints_Long": -80.6251777465837
    },
    "Roberts Hall": {
        "Midpoints_Lat": 28.0693489945881,
        "Midpoints_Long": -80.6245455456725
    },
    "Wood Hall": {
        "Midpoints_Lat": 28.0678474037549,
        "Midpoints_Long": -80.6242939597493
    },
    "Campbell Hall": {
        "Midpoints_Lat": 28.0678474037549,
        "Midpoints_Long": -80.6236363085904
    },
    "Shaw Hall": {
        "Midpoints_Lat": 28.0673521235573,
        "Midpoints_Long": -80.6242530071131
    },
    "Grissom Hall": {
        "Midpoints_Lat": 28.0673867046097,
        "Midpoints_Long": -80.6236197945937
    },
    "Evans Hall": {
        "Midpoints_Lat": 28.0676121010006,
        "Midpoints_Long": -80.6230835452589
    },
    "Brownlie Hall": {
        "Midpoints_Lat": 28.0671871043281,
        "Midpoints_Long": -80.6252108691939
    },
    "Jerome Keuper Admin Building": {
        "Midpoints_Lat": 28.0663866135599,
        "Midpoints_Long": -80.6244678730602
    },
    "Denius Student Center": {
        "Midpoints_Lat": 28.0664755059057,
        "Midpoints_Long": -80.6236602359125
    },
    "John Miller Office Bldg": {
        "Midpoints_Lat": 28.0657536333167,
        "Midpoints_Long": -80.6243254237306
    },
    "Quad 402": {
        "Midpoints_Lat": 28.0660488950013,
        "Midpoints_Long": -80.6240287862894
    },
    "Quad 403": {
        "Midpoints_Lat": 28.0660318898701,
        "Midpoints_Long": -80.6237702293401
    },
    "Quad 404": {
        "Midpoints_Lat": 28.0660340155116,
        "Midpoints_Long": -80.6235148842783
    },
    "Quad 405": {
        "Midpoints_Lat": 28.0654492259276,
        "Midpoints_Long": -80.6240668069926
    },
    "Quad 406": {
        "Midpoints_Lat": 28.065443863426,
        "Midpoints_Long": -80.6237872602356
    },
    "Quad 407": {
        "Midpoints_Lat": 28.065430457171,
        "Midpoints_Long": -80.6235178419843
    },
    "Ruth Funk Center": {
        "Midpoints_Lat": 28.0660536745364,
        "Midpoints_Long": -80.6232000773215
    },
    "Evans Library": {
        "Midpoints_Lat": 28.0657101337697,
        "Midpoints_Long": -80.6230169710407
    },
    "Work Administrative": {
        "Midpoints_Lat": 28.0650108449629,
        "Midpoints_Long": -80.6244617430484
    },
    "Link Building": {
        "Midpoints_Lat": 28.0652451598533,
        "Midpoints_Long": -80.6229825048171
    },
    "Shephard Building": {
        "Midpoints_Lat": 28.0652948629474,
        "Midpoints_Long": -80.6223790077962
    },
    "Frueaff Energy Research": {
        "Midpoints_Lat": 28.0651658715401,
        "Midpoints_Long": -80.6218385426767
    },
    "Holzer Health Center": {
        "Midpoints_Lat": 28.0643633947554,
        "Midpoints_Long": -80.625398719625
    },
    "Student Counseling Center": {
        "Midpoints_Lat": 28.0641427135303,
        "Midpoints_Long": -80.6254258699194
    },
    "Music Program Studios": {
        "Midpoints_Lat": 28.0640977435854,
        "Midpoints_Long": -80.6258724577231
    },
    "Music House": {
        "Midpoints_Lat": 28.0636773989615,
        "Midpoints_Long": -80.6253978363339
    },
    "Skurla Hall": {
        "Midpoints_Lat": 28.0644183833741,
        "Midpoints_Long": -80.6245920231277
    },
    "Crawford Building": {
        "Midpoints_Lat": 28.0644030366272,
        "Midpoints_Long": -80.6239293924629
    },
    "Gleason Performing Arts Center": {
        "Midpoints_Lat": 28.0646429694344,
        "Midpoints_Long": -80.6230337596505
    },
    "Olin Life Sciences": {
        "Midpoints_Lat": 28.0632363571772,
        "Midpoints_Long": -80.6246834289692
    },
    "Olin Engineering Complex": {
        "Midpoints_Lat": 28.0632267580825,
        "Midpoints_Long": -80.6239268010751
    },
    "Olin Physical Sciences": {
        "Midpoints_Lat": 28.0624181305704,
        "Midpoints_Long": -80.6238695928262
    },
    "Gordon Nelson Health Sciences": {
        "Midpoints_Lat": 28.0624477362804,
        "Midpoints_Long": -80.6246509190103
    },
    "L3Harris Science and Engineering": {
        "Midpoints_Lat": 28.0616946390854,
        "Midpoints_Long": -80.6243247797763
    },
    "Clemente Center": {
        "Midpoints_Lat": 28.0633483960248,
        "Midpoints_Long": -80.6225681114605
    },
    "PDH": {
        "Midpoints_Lat": 28.0622792969747,
        "Midpoints_Long": -80.6226415274099
    },
    "Allen S Henry": {
        "Midpoints_Lat": 28.0616105837431,
        "Midpoints_Long": -80.6225183367313
    },
    "Security Center": {
        "Midpoints_Lat": 28.0616094524323,
        "Midpoints_Long": -80.6219542468657
    },
    "Facilities Operations": {
        "Midpoints_Lat": 28.0608299485033,
        "Midpoints_Long": -80.6228223963848
    },
    "Scott Center": {
        "Midpoints_Lat": 28.0609304817925,
        "Midpoints_Long": -80.6219885944025
    },
    "Aerospace Lab and Machine Shop": {
        "Midpoints_Lat": 28.0607758272621,
        "Midpoints_Long": -80.6235130508277
    },
    "Student Design Center": {
        "Midpoints_Lat": 28.0607377743531,
        "Midpoints_Long": -80.6241404747792
    },
    "All Faiths Center": {
        "Midpoints_Lat": 28.0602387990351,
        "Midpoints_Long": -80.6239158681782
    },
    "Hartley Hall": {
        "Midpoints_Lat": 28.0593405474285,
        "Midpoints_Long": -80.6227473362904
    },
    "Farmer Hall": {
        "Midpoints_Lat": 28.0588228478677,
        "Midpoints_Long": -80.6225306178541
    },
    "Building C": {
        "Midpoints_Lat": 28.0582611291965,
        "Midpoints_Long": -80.6223346682731
    },
    "L3Harris Commons": {
        "Midpoints_Lat": 28.0632555635788,
        "Midpoints_Long": -80.6208296775032
    }
}